path	bytes	sha256	reason
asset_log/official/brand-renders/favicon-check-16.png	596	637831df49bcb3d4ea3af6611ad83591d99efc4e530289b8c8785b760ad3474b	asset_original_or_historical_visual_evidence
asset_log/official/brand-renders/favicon-check-32.png	1370	ae459da3271190f43a33a98a0428517c1d2975b69e10229a773ec96e0969eba5	asset_original_or_historical_visual_evidence
asset_log/official/brand-renders/favicon-check-48.png	2248	08a3712a119fb10499f13fb938498f824b85eec748cd12d96d98ed3e819fb898	asset_original_or_historical_visual_evidence
asset_log/official/brand-renders/flow-black.png	69832	795c6a48aa5e7dff49bac4d1939af747da563a5f484af6d9c96c15069228f42d	asset_original_or_historical_visual_evidence
asset_log/official/brand-renders/flow-light.png	19077	4fdf042c2c45b61c289afd349aecce5c069a02e1666381fc38dab06227eea886	asset_original_or_historical_visual_evidence
asset_log/official/brand-renders/flow-transparent.png	61567	d8d578db59f0123ab3370e828b6b905accfcfac224dfbf841c4e6d2c396fee67	asset_original_or_historical_visual_evidence
asset_log/official/brand-renders/portal-black.png	37397	82fd4e9ce1f0afd41006c6ebb669032e1f4fb6c12267fb933900496857123ca2	asset_original_or_historical_visual_evidence
asset_log/official/brand-renders/portal-light.png	34829	bc4e3ad2023968df92cac04dc0fa733db7b7a2bdaadc57c8a32778a8f15ceaa3	asset_original_or_historical_visual_evidence
asset_log/official/brand-renders/portal-transparent.png	35276	d1ad75c613eb53e1a887bf5e8934c1cf243257d56b14ea44eaf2e75339120f0e	asset_original_or_historical_visual_evidence
asset_log/official/gallery-of-light/final-v6/source/vne-about-dark-water-reflection-v6.png	2592702	eb87a2d3a0a68f31a098b072625a11d4a7f5c477cb1c37ddfa19145a381364a8	asset_original_or_historical_visual_evidence
asset_log/official/gallery-of-light/final-v6/source/vne-about-pine-canopy-v6.png	2731698	5250dae1f5cd585741cdb5b40185a9acf8e726fc3d0ed3e5930a0de9b270e458	asset_original_or_historical_visual_evidence
asset_log/official/gallery-of-light/final-v6/source/vne-about-stone-detail-v5-d.png	2377829	32d3e97ffd92553e3e58d9dba2acc1dbdb7b1219d052915aeb9224cb9f2493f4	asset_original_or_historical_visual_evidence
asset_log/official/gallery-of-light/final-v6/source/vne-belonging-gallery-v5-d-mobile.png	2009204	861241242826a431c62efa230ad52bfefd0e159f3235ab80d1cd22f3ad961cfc	asset_original_or_historical_visual_evidence
asset_log/official/gallery-of-light/final-v6/source/vne-belonging-gallery-v6-desktop.png	2455213	b97206b816679d81cb0b65576f86234b307c7e61f6a7505c0071465ef0601bb0	asset_original_or_historical_visual_evidence
asset_log/official/gallery-of-light/final-v6/source/vne-event-light-interval-v5-c.png	2305252	1853cbb42efcb9622d13952593ac4f7b9145dee910078e9aaf5e93b5b3c31943	asset_original_or_historical_visual_evidence
asset_log/official/gallery-of-light/final-v6/source/vne-event-resonance-v6.png	2495969	a2358e4c12b887cd447e0ede3c91b8b286b6690cd32d5702e822860e8763bc67	asset_original_or_historical_visual_evidence
asset_log/official/gallery-of-light/final-v6/source/vne-event-stone-sculpture-v5-c.png	2312267	3c0309de1d9c9dcb7ab3f5042f78233e9e2c0dc6db922fb159723bb88f3dc5dc	asset_original_or_historical_visual_evidence
asset_log/official/gallery-of-light/final-v6/source/vne-invitation-gallery-v5-c-mobile.png	1945378	ff45b464316c88ab2a98c9760e05842f6966b884015d4499b34790d4ebb4ba70	asset_original_or_historical_visual_evidence
asset_log/official/gallery-of-light/final-v6/source/vne-invitation-gallery-v6-desktop.png	2178560	c6558ba97042212b73c5c950b05d9b15ff997a2c132cd62d41239f00fa2f6cbb	asset_original_or_historical_visual_evidence
asset_log/official/gallery-of-light/final-v6/source/vne-space-gallery-v6-desktop.png	2573171	3eb7a53b0ff8da25723cf88013e35b99f984d18845aab1bc8e1214091a92bde5	asset_original_or_historical_visual_evidence
asset_log/official/gallery-of-light/final-v6/source/vne-space-gallery-v6-mobile.png	2554473	2705c36cd43f891225b410cdea8762096754f255557808417e6a2a93e9de09f0	asset_original_or_historical_visual_evidence
asset_log/official/gallery-of-light/final-v6/source/vne-threshold-gallery-v5-c-desktop.png	2519945	1319d3f39c77adf667a4164fe3e0b1d9d53ee5745edf2681c52fe4082217695f	asset_original_or_historical_visual_evidence
asset_log/official/gallery-of-light/final-v6/source/vne-threshold-gallery-v5-c-mobile.png	2257916	92a85d05daaa26683fdc5fff7ec27321a78fbfeb575c0b7c0cd36055a153c6c4	asset_original_or_historical_visual_evidence
docs/qr-studio/evidence/series-flow.png	506571	436c6ab2dd704938fa077e67ab9e25ff3a53ac3c40ffa5e30ba45fac7c1c7095	asset_original_or_historical_visual_evidence
docs/qr-studio/evidence/series-syncopa.png	594786	090374aed04da745cc9d7693f886fbb8330d06a0675706eec07f51bb9e3601b5	asset_original_or_historical_visual_evidence
docs/qr-studio/evidence/stage2/flow.png	43341	8238b9a1b4d38555f64e34e7a3ba555d134484ed2ee3b98729fc89dc485775d7	asset_original_or_historical_visual_evidence
docs/qr-studio/evidence/stage2/syncopa.png	42128	78b69ebf0cb052c8900df89b9b6d044a29586356644698451d97534fa783177c	asset_original_or_historical_visual_evidence
docs/qr-studio/evidence/stage3/flow.png	51325	56271c2f4488ab032048040fbbaef1b87f4260da83968de49c2f816553127fce	asset_original_or_historical_visual_evidence
docs/qr-studio/evidence/stage3/syncopa.png	51860	6fb03087578e933976e9d0c7c719f804e7f1becc87471f1e77844618a2f15cf5	asset_original_or_historical_visual_evidence
docs/qr-studio/evidence/stage4/flow-new.png	41318	15a91082eabb37245f531734b539f423623e43733d9656ef550acf8f4984963d	asset_original_or_historical_visual_evidence
docs/qr-studio/evidence/stage4/syncopa-new.png	42390	9e01c2e132fb3518c7ea7c52c4ad5fde68e43f6a57f5ef9f1cb082ec895e5e29	asset_original_or_historical_visual_evidence
docs/qr-studio/evidence/stage5/catalog-overview.png	641543	ea3ad9aeb2eaf4eaae55d69cf34783b8eafbc22caecd0beae01006214e91d49b	asset_original_or_historical_visual_evidence
docs/sprint/evidence/tickets/1440-ARTIST-front.webp	32842	f515837650e857c79d6f88da018c0b1c3c3829711ad7cba8696816655cdde0d5	asset_original_or_historical_visual_evidence
docs/sprint/evidence/tickets/1440-GENERAL-front.webp	32838	be9e289bfeda04b91720be7033991cf2f7be5b77f202109875b0d3491459de63	asset_original_or_historical_visual_evidence
docs/sprint/evidence/tickets/1440-SECURITY-front.webp	32770	9a6b9a52fbaca04671702dbc4dc52aff3519f8432bfc7bce4eef557591e682a4	asset_original_or_historical_visual_evidence
docs/sprint/evidence/tickets/1440-VIP-back.webp	35296	eabc224f3f308c2f26e35c15bcef255503591ab77df1b573ab0574adbaae8804	asset_original_or_historical_visual_evidence
docs/sprint/evidence/tickets/390-SECURITY-front.webp	16286	d2a9bdf9149c7ccf49c3899944c722ff397d66137ada3f6b271ebc9b14e9996f	asset_original_or_historical_visual_evidence
docs/sprint/evidence/tickets/390-VIP-back.webp	17100	d4e750e7cd8f57d7793aea8f67e05d5c3f721f398720d6fc7511090b767ffa63	asset_original_or_historical_visual_evidence
docs/sprint/evidence/tickets/admin-unconfigured.webp	47158	0871db1bad8b1f33a8d94a7af24653936126858ed384e0e0fd03b68bc28e9d4b	asset_original_or_historical_visual_evidence
docs/sprint/evidence/tickets/reduced-qr-dialog.webp	13816	684c2d600cbcdada4884399da5a2e82a56979d7e1cf0561adf67f680c925c8f2	asset_original_or_historical_visual_evidence
docs/sprint/visual-regression/baseline/1440--about.png	376293	3451f704ec1930431b4cf67f5a441d3160d11b47e4dc90803136845f79a4a52b	asset_original_or_historical_visual_evidence
docs/sprint/visual-regression/baseline/1440--admin.png	85011	b97380717063fa10c432b2658f21d1af014c83a4685b3c74e44dd1c132cc83b3	asset_original_or_historical_visual_evidence
docs/sprint/visual-regression/baseline/1440--apply.png	50296	057f43fc1a655af9001d24e2b0084032307b6498c276757a12f3968fa7a9b583	asset_original_or_historical_visual_evidence
docs/sprint/visual-regression/baseline/1440--card-code.png	63286	9f47f7af9b7efe5237a3d9d9f22569a009303b5c38cc58bc710742392c5208c2	asset_original_or_historical_visual_evidence
docs/sprint/visual-regression/baseline/1440--consent.png	80770	9a12dfad4c8e7ddd6d61627131a68363ae04ddda7912839fe842133d5ae1f4d5	asset_original_or_historical_visual_evidence
docs/sprint/visual-regression/baseline/1440--contact.png	67900	93eb99a035aef48cb939fdf328d99b81cceab2f4ce987692cc3203bd36c583bd	asset_original_or_historical_visual_evidence
docs/sprint/visual-regression/baseline/1440--cookies.png	76619	9189e0fabb1a0cf1e5d532e2de083e86f705daf73b675b97912736dbe806d0b2	asset_original_or_historical_visual_evidence
docs/sprint/visual-regression/baseline/1440--event-light-study-01.png	512542	8a29a7f7bc0a401b2ce75fbf0766a3783a54eeafa598a4066560e793166a2611	asset_original_or_historical_visual_evidence
docs/sprint/visual-regression/baseline/1440--event-threshold-study-02.png	385892	d08524fb317c21a883400d907950470053acab18624e15f219d0bb51ef45798d	asset_original_or_historical_visual_evidence
docs/sprint/visual-regression/baseline/1440--events.png	590668	85e6e946c460981490cf94e63b860f1db3d09a3e72e17681a3e1d84d8977d686	asset_original_or_historical_visual_evidence
docs/sprint/visual-regression/baseline/1440--faq.png	58814	3f0854bf042d4e4c2ff470786728857b4f97ff791606b8f0ad9d8691d564c0a4	asset_original_or_historical_visual_evidence
docs/sprint/visual-regression/baseline/1440--home.png	206345	9699241f730f38ab58e37ce5ed96551f20ffcd9abbe0ead81bf957323e8b382d	asset_original_or_historical_visual_evidence
docs/sprint/visual-regression/baseline/1440--invitation-code.png	62660	86c26c6d4b17df4871377316e4f9143e91e46974ae6c3deb787be51248b28286	asset_original_or_historical_visual_evidence
docs/sprint/visual-regression/baseline/1440--member.png	55732	fa617099060128926013233a48b6fd59cd351554d37fdd4441c1d448be3a5992	asset_original_or_historical_visual_evidence
docs/sprint/visual-regression/baseline/1440--privacy.png	78321	79c86afa524f59a4c0274c7bda8a1087ac9ec2f193e579f5a1b0301cd486352d	asset_original_or_historical_visual_evidence
docs/sprint/visual-regression/baseline/1440--refunds.png	74879	e27b27b79cd0b53af54d49da6ef04521284c0fd8355e2eae659aa3e375c64964	asset_original_or_historical_visual_evidence
docs/sprint/visual-regression/baseline/1440--rules.png	69206	550dcc2bdbab157e252ccb49f084542690b142cb446477bfe65556b7d8bd8c35	asset_original_or_historical_visual_evidence
docs/sprint/visual-regression/baseline/1440--scan.png	68788	c432e56bbfa22b0bc7a9d4aaa2d36312b5b804168b35f115711440d75e4adf3e	asset_original_or_historical_visual_evidence
docs/sprint/visual-regression/baseline/1440--terms.png	76621	bb3c882958bb660496a833585dda49d9ac60b2a7ddb4bb8102a0c41722e6614b	asset_original_or_historical_visual_evidence
docs/sprint/visual-regression/baseline/1920--about.png	482625	f912795d63af2c8a91075d12216721e0ff7bd92938c7e7503ba48a0ede595a5b	asset_original_or_historical_visual_evidence
docs/sprint/visual-regression/baseline/1920--admin.png	106314	687628a2076c0f7085aa3af5dff0f938c35ac13c122e8782dfd856e6b6989ed0	asset_original_or_historical_visual_evidence
docs/sprint/visual-regression/baseline/1920--apply.png	60148	08d6a0856a36028712ce819122a08d7ad18f8d516f972f93f9bbaa28caa6d092	asset_original_or_historical_visual_evidence
docs/sprint/visual-regression/baseline/1920--card-code.png	67299	919a016c42c9d89e0b211e58ca6dfdb416f7ad2a07481a9fa38fd88ffd92dd60	asset_original_or_historical_visual_evidence
docs/sprint/visual-regression/baseline/1920--consent.png	93438	a2266dabe1381c0d79450e7984f062dbe13462add179d93f16ecfc143455f488	asset_original_or_historical_visual_evidence
docs/sprint/visual-regression/baseline/1920--contact.png	90162	7d9c1cf7793a68214ed886df7740fb44bf5565c7775ed2fcdbd122e26667958f	asset_original_or_historical_visual_evidence
docs/sprint/visual-regression/baseline/1920--cookies.png	89071	1cb1424afa41e36ef49f493374675533e26f18814657cda6440c93ce808a5c85	asset_original_or_historical_visual_evidence
docs/sprint/visual-regression/baseline/1920--event-light-study-01.png	564111	dbef6fdc32aa68a705b740d616f1001fe4450a2912e8e4c7b9a53b510c9439b1	asset_original_or_historical_visual_evidence
docs/sprint/visual-regression/baseline/1920--event-threshold-study-02.png	422433	32135197562576d478e1ebb0ac0c9158334f7f2f3543d224d1aacd183a4e699f	asset_original_or_historical_visual_evidence
docs/sprint/visual-regression/baseline/1920--events.png	801878	06ba62961076968a54772b6569e7d61b6f199b7324e3091702b780593bd73868	asset_original_or_historical_visual_evidence
docs/sprint/visual-regression/baseline/1920--faq.png	65512	fcf0fda223c8379e356f279fd64e232417af4a978c3924aa7fbfe7c4891d079c	asset_original_or_historical_visual_evidence
docs/sprint/visual-regression/baseline/1920--home.png	279007	c0886fbff088772edbdf89a1723763fe3717bf19f10cdfbe559685c006a3945c	asset_original_or_historical_visual_evidence
docs/sprint/visual-regression/baseline/1920--invitation-code.png	69456	66622e317700960c635c96b7142e3ad885689dc57aa5911960a037a5174dda94	asset_original_or_historical_visual_evidence
docs/sprint/visual-regression/baseline/1920--member.png	78167	e1aab35dd9e0b44b66cd860688fd3b5c2c5a5e1323536a72a2fc75885f555957	asset_original_or_historical_visual_evidence
docs/sprint/visual-regression/baseline/1920--privacy.png	90847	85f3288421bf96499ab424bcad24026d6f27be84a56c7edd9dca4a8c5cdb833f	asset_original_or_historical_visual_evidence
docs/sprint/visual-regression/baseline/1920--refunds.png	87293	231430190fdef45311dd97e72f8c1461668adc5e06b446fc9daf67b84d92af02	asset_original_or_historical_visual_evidence
docs/sprint/visual-regression/baseline/1920--rules.png	83358	44a4ca0502e33038d13c99073a8076e9abb7c0fe2a8947c082866a02cde2278f	asset_original_or_historical_visual_evidence
docs/sprint/visual-regression/baseline/1920--scan.png	75809	e87367452ccf38fbf13129ae99914062c9812e7ee0380b154b6a9c314373be85	asset_original_or_historical_visual_evidence
docs/sprint/visual-regression/baseline/1920--terms.png	89072	2d05076f502aa3c3f4f4036f553c6ce52dd72589fd055913f702ab4075a67577	asset_original_or_historical_visual_evidence
docs/sprint/visual-regression/baseline/360--about.png	118277	f3d6658062be0851d8259105ea3e340eb9b926c0e9e2185648fdf42d068f6500	asset_original_or_historical_visual_evidence
docs/sprint/visual-regression/baseline/360--admin.png	37466	1dd8909ab3c4d2bc55d4c51e947e4b05a5ede38068080ba0bb869f3e90ad6389	asset_original_or_historical_visual_evidence
docs/sprint/visual-regression/baseline/360--apply.png	32976	0af62addae6c85196d623e19bb664b0e21728567b4f2e7d5a2c9e2b1d43c71c6	asset_original_or_historical_visual_evidence
docs/sprint/visual-regression/baseline/360--card-code.png	31850	9596b7caaa911ec0dfc8791b1179e0710c508657cc56cee5bea419d4d508cd0f	asset_original_or_historical_visual_evidence
docs/sprint/visual-regression/baseline/360--consent.png	47835	b57671567f4ed9ff0256d86c32633b0bfa5208e385afec4015445af414764d12	asset_original_or_historical_visual_evidence
docs/sprint/visual-regression/baseline/360--contact.png	35551	94b815606e4bb72a59bba9209fcdad47a5caa17df68a59a3e540662e5711764a	asset_original_or_historical_visual_evidence
docs/sprint/visual-regression/baseline/360--cookies.png	43996	a5e1b39f26f31cb72aa11dacebf7bb635f017651441e884a1a1aff480c22fc86	asset_original_or_historical_visual_evidence
docs/sprint/visual-regression/baseline/360--event-light-study-01.png	102396	6e23a55139fc21d27a7c4dbea8ef201a520f350096c101df0c818da8527822b4	asset_original_or_historical_visual_evidence
docs/sprint/visual-regression/baseline/360--event-threshold-study-02.png	81861	8df0afb02d384f48fd862ba9d666d470f29632ab993c6bc46efc473a230e5dcd	asset_original_or_historical_visual_evidence
docs/sprint/visual-regression/baseline/360--events.png	136676	e8579f7a6a23f711d3fac11b305991157026c82be00c4c11d3cc6eb67380b212	asset_original_or_historical_visual_evidence
docs/sprint/visual-regression/baseline/360--faq.png	36801	0fab4aee9a956b55a33f6c8ce36f04d7ee543d0ac8ce481d016797bd334f7c3a	asset_original_or_historical_visual_evidence
docs/sprint/visual-regression/baseline/360--home.png	75306	fdd7e2cf04c418ff051fadeb9b5f2e1db873015189e7d56b740628688d61d242	asset_original_or_historical_visual_evidence
docs/sprint/visual-regression/baseline/360--invitation-code.png	34049	4c570035eee09bdbad9b97bb81bfe0e1de41f088a969a2b22b4ea4a3f015d590	asset_original_or_historical_visual_evidence
docs/sprint/visual-regression/baseline/360--member.png	35392	9bd7deed292dd8ffa02414a471156265799f3a47c21521396f17097bde6ba3f3	asset_original_or_historical_visual_evidence
docs/sprint/visual-regression/baseline/360--privacy.png	47239	fda87b40fc561bc897193e1242f2dede2c16250b6638fe162c261fa16d5cb539	asset_original_or_historical_visual_evidence
docs/sprint/visual-regression/baseline/360--refunds.png	42931	ab546db76a67849c1700b011a65e1cd8412c3e48ff2384589f6d1fdab45f5cb8	asset_original_or_historical_visual_evidence
docs/sprint/visual-regression/baseline/360--rules.png	41373	b6b6f0d791f641e03da5df74d39ed18105a0053c7ddef1952aac56b0ecb42055	asset_original_or_historical_visual_evidence
docs/sprint/visual-regression/baseline/360--scan.png	38587	85652bd7b309fc9d5b12de72f04a2c31a085a817bc2681985ca3b53a7b26619c	asset_original_or_historical_visual_evidence
docs/sprint/visual-regression/baseline/360--terms.png	45920	781710cc3242053b192fd032bcc03a78f8d19e009ef79a4bd7754cca5d778293	asset_original_or_historical_visual_evidence
docs/sprint/visual-regression/baseline/390--about.png	147794	843dfd0801012f306c78bad1d986ca7dbe7e1a0905b86744eaa15bf909390e2f	asset_original_or_historical_visual_evidence
docs/sprint/visual-regression/baseline/390--admin.png	41602	3667509b2f7fa8051f57c721aaa75368e2261c28641c64465f4f1ac4aec1ceb4	asset_original_or_historical_visual_evidence
docs/sprint/visual-regression/baseline/390--apply.png	34318	0713e2206cdf1b195f7adfbf678703109b27cad1a99688b64287c8eadb509204	asset_original_or_historical_visual_evidence
docs/sprint/visual-regression/baseline/390--card-code.png	36242	73d9d00adb0c88fefa384ebc9baf3bd5b9325e50ff75b4f0f9bdfb366875f171	asset_original_or_historical_visual_evidence
docs/sprint/visual-regression/baseline/390--consent.png	53808	b3143c9b3740e36f54d341f4ab2aa74599141c3b1e13e83aea327db9e2c490e9	asset_original_or_historical_visual_evidence
docs/sprint/visual-regression/baseline/390--contact.png	42071	5a03937a0e8be65ba6aa1f4931a78a17742cb226d88e2c6eda63cc1f493f0f07	asset_original_or_historical_visual_evidence
docs/sprint/visual-regression/baseline/390--cookies.png	53034	c1a78894d9305ebc721223b8dec7380fb18b62fe792a1a14d3920bea130e417c	asset_original_or_historical_visual_evidence
docs/sprint/visual-regression/baseline/390--event-light-study-01.png	118893	d67f0170f73bcc122216442604a293054ee98dc5dc257854abe842168d451532	asset_original_or_historical_visual_evidence
docs/sprint/visual-regression/baseline/390--event-threshold-study-02.png	96343	1cd8e77433ea7bf71993781d7b73b0da2207a02503a185e03dfdb4281de41a62	asset_original_or_historical_visual_evidence
docs/sprint/visual-regression/baseline/390--events.png	163408	5f2cda1c529e59ea070bcbdfc5fdd9205acadb452105b44121a5342a0ce764ae	asset_original_or_historical_visual_evidence
docs/sprint/visual-regression/baseline/390--faq.png	40777	5b3fbf448538bdede3ad5be23d9c19b47b7a91298a55cf597e89eb84610ed5b1	asset_original_or_historical_visual_evidence
docs/sprint/visual-regression/baseline/390--home.png	81439	4036d88cddfd9a25e7b7c6bcb84cc5a381f29f4b9a6627c6658fdb481666a372	asset_original_or_historical_visual_evidence
docs/sprint/visual-regression/baseline/390--invitation-code.png	34424	ad3490db5d72a9ab84b4f094124a66373fb9535ecda7d0734e8b5ffb3158fbb3	asset_original_or_historical_visual_evidence
docs/sprint/visual-regression/baseline/390--member.png	37647	c1f583a4d59650c500c8ab75f2e199c3cb39c86babfb4e2d1fcc1bb8e418813f	asset_original_or_historical_visual_evidence
docs/sprint/visual-regression/baseline/390--privacy.png	51231	207e8492e80badbc41f8e1277aab70163c9c06de214c88a90796bb9ec3bc6c39	asset_original_or_historical_visual_evidence
docs/sprint/visual-regression/baseline/390--refunds.png	51980	46ee614769e7cd067bc5c61da2ebead25a5a98159b343e1aad9d697f74451510	asset_original_or_historical_visual_evidence
docs/sprint/visual-regression/baseline/390--rules.png	42627	d1b7798d26c6f22d9dd9b9883c393a7fa68223be496a3e0951289d50105dd1bf	asset_original_or_historical_visual_evidence
docs/sprint/visual-regression/baseline/390--scan.png	39677	96d2635822991bacd631b30e9c32c68eda7a4b464d978a1d0f4d5d3c58a0517c	asset_original_or_historical_visual_evidence
docs/sprint/visual-regression/baseline/390--terms.png	52487	20193cbf92ccc5281896c6e046dd23287156b7ebb9470072557caad15a016244	asset_original_or_historical_visual_evidence
docs/sprint/visual-regression/baseline/430--about.png	184620	81bdd85ae7d77dba71b707dbad5f18405d4e6e04c1489f85c37fc92b51754e3a	asset_original_or_historical_visual_evidence
docs/sprint/visual-regression/baseline/430--admin.png	48392	c49685925b4c4f9c1a6062e5933ff17f5f9975db52ae2bacec1156ec8ca4d20e	asset_original_or_historical_visual_evidence
docs/sprint/visual-regression/baseline/430--apply.png	41413	5b966ef8375b688abbdbd11b6b4c0bd77d2ed6f0c1e2c068fe9ba4f4b9a3b628	asset_original_or_historical_visual_evidence
docs/sprint/visual-regression/baseline/430--card-code.png	41038	6aa5ba520e7343b0a23a13073723c57b1f6eee969cfb7e44da6637010eb4c236	asset_original_or_historical_visual_evidence
docs/sprint/visual-regression/baseline/430--consent.png	62796	d4f914a48bc84a09407a8023af0a1c6c847cd247985a127c50595184819eaaf9	asset_original_or_historical_visual_evidence
docs/sprint/visual-regression/baseline/430--contact.png	50441	972f5021b4165b17e739991efb51e615cfc7bc727b5f416c00a4c162c150ee6f	asset_original_or_historical_visual_evidence
docs/sprint/visual-regression/baseline/430--cookies.png	59635	de76ed942c6bf2aee2a86225f476420d32050c4803d80277d27621e59743a655	asset_original_or_historical_visual_evidence
docs/sprint/visual-regression/baseline/430--event-light-study-01.png	141762	e7b54f3cc116236d750a33bf6e23e3c8405defc16b8954fb93548c1f6f1b12bc	asset_original_or_historical_visual_evidence
docs/sprint/visual-regression/baseline/430--event-threshold-study-02.png	112144	1aab69e44c745d05469126f2b6c90957c79c57c881b1f2549798db763e491df3	asset_original_or_historical_visual_evidence
docs/sprint/visual-regression/baseline/430--events.png	208742	945a72520e6bfbe5ecd4c8411948e6ea895756ea7769a5d4c44099dd99dc871c	asset_original_or_historical_visual_evidence
docs/sprint/visual-regression/baseline/430--faq.png	47545	f141a496e83fd4755cb38ac29a366a11f464ddb7b403c39bef4568bd2df7f18f	asset_original_or_historical_visual_evidence
docs/sprint/visual-regression/baseline/430--home.png	92420	8c6e3ad10308c210f2ea14e00b5dcbd2672a0f3291b3b696ee2c1c60e4b82998	asset_original_or_historical_visual_evidence
docs/sprint/visual-regression/baseline/430--invitation-code.png	41610	5da3b61ce4f1c15a57b9dd138d50166a8675735021cae07caa73dd76eefa4a9b	asset_original_or_historical_visual_evidence
docs/sprint/visual-regression/baseline/430--member.png	41792	3bd303be9f575d7c29e55ac960c3f4af0275e64b65fe6b8f696484758b846bf0	asset_original_or_historical_visual_evidence
docs/sprint/visual-regression/baseline/430--privacy.png	61727	bee32e34a72f7d4d33eddd52f151f9c9f8eafe3bac548fa45a634ed3fb5605fa	asset_original_or_historical_visual_evidence
docs/sprint/visual-regression/baseline/430--refunds.png	57698	5f6ce1e4daece083df3b53a9062bbbf0cacb15a59b6c0024e6a535f850464553	asset_original_or_historical_visual_evidence
docs/sprint/visual-regression/baseline/430--rules.png	56913	e64b4bade2a8860f56b93be6ee64392da582d06a28e17c2929e8581df028e869	asset_original_or_historical_visual_evidence
docs/sprint/visual-regression/baseline/430--scan.png	46368	0287fb133ed475e4655c6c39611859899496fae0b4c905d7f6dc56b9fd239624	asset_original_or_historical_visual_evidence
docs/sprint/visual-regression/baseline/430--terms.png	61095	b2cfb9227c81e045e35c3a726d1d44ffc878838958b508954c15761503a4cb9d	asset_original_or_historical_visual_evidence
scripts/__pycache__/build-gallery-assets.cpython-313.pyc	14833	36925a3a8163b20cad1550f5f1748cb7e2f1df69af4b4f580b3d449860cbb1a5	dependency_build_or_runtime_state
tests/__pycache__/visual-regression.cpython-313.pyc	12458	92d7f25da4f6dffd275b5b16184f380d4f3975e1817708500bfc14a9475e750a	dependency_build_or_runtime_state
